optimizer_name;otest_loss;
Adam;3.039402961730957;
SGD;4.829524040222168;
Adam;-9999999;
SGD;2.7640540599823;
